CodigoGrupo;SemanasLectivas
AMD.L.1;S5,S6,S7,S8,S9,S10,S11,S12,S14,S15,S16,S17,S18
AMD.L.2;S4,S5,S6,S7,S8,S9,S10,S11,S12,S14,S15,S16,S17,S18
AMD.L.3;S5,S6,S7,S8,S9,S10,S11,S12,S14,S15,S16,S17,S18
AMD.L.4;S4,S5,S6,S7,S8,S9,S10,S11,S12,S14,S15,S16,S17,S18
AMD.L.5;S4,S5,S6,S7,S8,S9,S10,S11,S12,S14,S15,S16,S17,S18
AMD.L.6;S4,S5,S6,S7,S8,S9,S10,S11,S12,S14,S15,S16,S17,S18
AMD.L.7;S5,S6,S7,S8,S9,S10,S11,S12,S14,S15,S16,S17,S18
AMD.L.8;S4,S5,S6,S7,S8,S9,S10,S11,S12,S14,S15,S16,S17,S18
AMD.L.I-1;S5,S6,S7,S8,S9,S10,S11,S12,S14,S15,S16,S17,S18
AMD.L.I-2;S5,S6,S7,S8,S9,S10,S11,S12,S14,S15,S16,S17,S18
AMD.L.I-3;S5,S6,S7,S8,S9,S10,S11,S12,S14,S15,S16,S17,S18
AMD.L.I-4;S5,S6,S7,S8,S9,S10,S11,S12,S14,S15,S16,S17,S18
AMD.S.1;S5,S6,S7,S8,S9,S10,S11,S12,S14,S15,S16,S17,S18
AMD.S.2;S5,S6,S7,S8,S9,S10,S11,S12,S14,S15,S16,S17,S18
AMD.S.3;S5,S6,S7,S8,S9,S10,S11,S12,S14,S15,S16,S17,S18
AMD.S.4;S5,S6,S7,S8,S9,S10,S11,S12,S14,S15,S16,S17,S18
AMD.S.I-1;S5,S6,S7,S8,S9,S10,S11,S12,S14,S15,S16,S17,S18
AMD.S.I-2;S5,S6,S7,S8,S9,S10,S11,S12,S14,S15,S16,S17,S18
AMD.T.1;S5,S6,S7,S8,S9,S10,S11,S12,S14,S15,S16,S17,S18
AMD.T.2;S5,S6,S7,S8,S9,S10,S11,S12,S14,S15,S16,S17,S18
AMD.T.I-1;S4,S5,S6,S7,S8,S9,S10,S11,S12,S14,S15,S16,S17,S18
ASLEPI.L.1;S5,S6,S7,S8,S9,S10,S11,S12,S14,S15,S16,S17,S18
ASLEPI.L.2;S5,S6,S7,S8,S9,S10,S11,S12,S14,S15,S16,S17,S18
ASLEPI.L.3;S5,S6,S7,S8,S9,S10,S11,S12,S14,S15,S16,S17,S18
ASLEPI.L.4;S5,S6,S7,S8,S9,S10,S11,S12,S14,S15,S16,S17,S18
ASLEPI.L.5;S5,S6,S7,S8,S9,S10,S11,S12,S14,S15,S16,S17,S18
ASLEPI.L.6;S5,S6,S7,S8,S9,S10,S11,S12,S14,S15,S16,S17,S18
ASLEPI.L.7;S5,S6,S7,S8,S9,S10,S11,S12,S14,S15,S16,S17,S18
ASLEPI.S.1;S6,S8,S10,S12,S15,S18
ASLEPI.S.2;S6,S8,S10,S12,S15,S18
ASLEPI.S.3;S6,S8,S10,S12,S15,S18
ASLEPI.T.1;S5,S6,S7,S8,S9,S10,S11,S12,S14,S15,S16
ASLEPI.T.2;S5,S6,S7,S8,S9,S10,S11,S12,S14,S15,S16
ASR.L.1;S5,S6,S7,S8,S9,S10,S11,S12,S14,S15,S16,S17,S18
ASR.L.2;S6,S7,S8,S9,S10,S11,S12,S14,S15,S16,S17,S18
ASR.L.3;S5,S6,S7,S8,S9,S10,S11,S12,S14,S15,S16,S17,S18
ASR.L.4;S5,S6,S7,S8,S9,S10,S11,S12,S14,S15,S16,S17,S18
ASR.L.5;S6,S7,S8,S9,S10,S11,S12,S14,S15,S16,S17,S18
ASR.L.6;S6,S7,S8,S9,S10,S11,S12,S14,S15,S16,S17,S18
ASR.L.7;S6,S7,S8,S9,S10,S11,S12,S14,S15,S16,S17,S18
ASR.S.1;S4,S6,S8,S10,S12,S15,S17
ASR.S.2;S4,S6,S8,S10,S12,S15,S17
ASR.S.3;S4,S6,S8,S10,S12,S15,S17
ASR.T.1;S4,S5,S6,S7,S8,S9,S10,S11,S12,S14,S15
ASR.T.2;S4,S5,S6,S7,S8,S9,S10,S11,S12,S14,S15
ASW.L.1;S5,S6,S7,S8,S9,S10,S11,S12,S14,S15,S16,S17,S18
ASW.L.2;S5,S6,S7,S8,S9,S10,S11,S12,S14,S15,S16,S17,S18
ASW.L.3;S5,S6,S7,S8,S9,S10,S11,S12,S14,S15,S16,S17,S18
ASW.L.4;S5,S6,S7,S8,S9,S10,S11,S12,S14,S15,S16,S17,S18
ASW.L.5;S5,S6,S7,S8,S9,S10,S11,S12,S14,S15,S16,S17,S18
ASW.L.6;S5,S6,S7,S8,S9,S10,S11,S12,S14,S15,S16,S17,S18
ASW.L.I-1;S5,S6,S7,S8,S9,S10,S11,S12,S14,S15,S16,S17,S18
ASW.L.I-2;S5,S6,S7,S8,S9,S10,S11,S12,S14,S15,S16,S17,S18
ASW.L.I-3;S5,S6,S7,S8,S9,S10,S11,S12,S14,S15,S16,S17,S18
ASW.S.1;S5,S7,S9,S11,S14,S16,S18
ASW.S.2;S5,S7,S9,S11,S14,S16,S18
ASW.S.3;S5,S7,S9,S11,S14,S16,S18
ASW.S.I-1;S5,S7,S9,S11,S14,S16,S18
ASW.T.1;S5,S6,S7,S8,S9,S10,S11,S12,S14,S15,S16
ASW.T.I-1;S5,S6,S7,S8,S9,S10,S11,S12,S14,S15,S16
Alg.L.1;S5,S6,S7,S8,S9,S10,S11,S12,S14,S15,S16,S17,S18
Alg.L.2;S5,S6,S7,S8,S9,S10,S11,S12,S14,S15,S16,S17,S18
Alg.L.3;S5,S6,S7,S8,S9,S10,S11,S12,S14,S15,S16,S17,S18
Alg.L.4;S5,S6,S7,S8,S9,S10,S11,S12,S14,S15,S16,S17,S18
Alg.L.5;S5,S6,S7,S8,S9,S10,S11,S12,S14,S15,S16,S17,S18
Alg.L.6;S5,S6,S7,S8,S9,S10,S11,S12,S14,S15,S16,S17,S18
Alg.L.7;S5,S6,S7,S8,S9,S10,S11,S12,S14,S15,S16,S17,S18
Alg.L.I-1;S5,S6,S7,S8,S9,S10,S11,S12,S14,S15,S16,S17,S18
Alg.L.I-2;S5,S6,S7,S8,S9,S10,S11,S12,S14,S15,S16,S17,S18
Alg.L.I-3;S5,S6,S7,S8,S9,S10,S11,S12,S14,S15,S16,S17,S18
Alg.L.I-4;S5,S6,S7,S8,S9,S10,S11,S12,S14,S15,S16,S17,S18
Alg.S.1;S4,S6,S8,S10,S12,S15,S17
Alg.S.2;S4,S6,S8,S10,S12,S15,S17
Alg.S.3;S4,S6,S8,S10,S12,S15,S17
Alg.S.I-1;S4,S6,S8,S10,S12,S15,S17
Alg.S.I-2;S4,S6,S8,S10,S12,S15,S17
Alg.T.1;S5,S6,S7,S8,S9,S10,S11,S12,S14,S15,S16
Alg.T.2;S5,S6,S7,S8,S9,S10,S11,S12,S14,S15,S16
Alg.T.I-1;S4,S5,S6,S7,S8,S9,S10,S11,S12,S14,S15
BD.L.1;S5,S6,S7,S8,S9,S10,S11,S12,S14,S15,S16,S17,S18
BD.L.2;S5,S6,S7,S8,S9,S10,S11,S12,S14,S15,S16,S17,S18
BD.L.3;S5,S6,S7,S8,S9,S10,S11,S12,S14,S15,S16,S17,S18
BD.L.4;S5,S6,S7,S8,S9,S10,S11,S12,S14,S15,S16,S17,S18
BD.L.5;S5,S6,S7,S8,S9,S10,S11,S12,S14,S15,S16,S17,S18
BD.L.6;S5,S6,S7,S8,S9,S10,S11,S12,S14,S15,S16,S17,S18
BD.L.7;S5,S6,S7,S8,S9,S10,S11,S12,S14,S15,S16,S17,S18
BD.L.I-1;S5,S6,S7,S8,S9,S10,S11,S12,S14,S15,S16,S17,S18
BD.L.I-2;S5,S6,S7,S8,S9,S10,S11,S12,S14,S15,S16,S17,S18
BD.L.I-3;S5,S6,S7,S8,S9,S10,S11,S12,S14,S15,S16,S17,S18
BD.L.I-4;S5,S6,S7,S8,S9,S10,S11,S12,S14,S15,S16,S17,S18
BD.S.1;S5,S7,S9,S11,S14,S16,S18
BD.S.2;S5,S7,S9,S11,S14,S16,S18
BD.S.3;S5,S7,S9,S11,S14,S16,S18
BD.S.I-1;S5,S7,S9,S11,S14,S16,S18
BD.S.I-2;S5,S7,S9,S11,S14,S16,S18
BD.T.1;S4,S5,S6,S7,S8,S9,S10,S11,S12,S14,S15
BD.T.2;S5,S6,S7,S8,S9,S10,S11,S12,S14,S15,S16
BD.T.I-1;S4,S5,S6,S7,S8,S9,S10,S11,S12,S14,S15
CN.L.1;S6,S7,S8,S9,S10,S11,S12,S14,S15,S16,S17,S18
CN.L.2;S6,S7,S8,S9,S10,S11,S12,S14,S15,S16,S17,S18
CN.L.3;S6,S7,S8,S9,S10,S11,S12,S14,S15,S16,S17,S18
CN.L.4;S6,S7,S8,S9,S10,S11,S12,S14,S15,S16,S17,S18
CN.L.5;S6,S7,S8,S9,S10,S11,S12,S14,S15,S16,S17,S18
CN.L.6;S6,S7,S8,S9,S10,S11,S12,S14,S15,S16,S17,S18
CN.L.I-1;S6,S7,S8,S9,S10,S11,S12,S14,S15,S16,S17,S18
CN.L.I-2;S6,S7,S8,S9,S10,S11,S12,S14,S15,S16,S17,S18
CN.L.I-3;S6,S7,S8,S9,S10,S11,S12,S14,S15,S16,S17,S18
CN.L.I-4;S6,S7,S8,S9,S10,S11,S12,S14,S15,S16,S17,S18
CN.S.1;S4,S6,S8,S10,S12,S15,S17
CN.S.2;S4,S6,S8,S10,S12,S15,S17
CN.S.3;S4,S6,S8,S10,S12,S15,S17
CN.S.I-1;S4,S6,S8,S10,S12,S15,S17
CN.S.I-2;S4,S6,S8,S10,S12,S15,S17
CN.T.1;S5,S6,S7,S8,S9,S10,S11,S12,S14,S15,S16,S17,S18
CN.T.2;S4,S5,S6,S7,S8,S9,S10,S11,S12,S14,S15,S16,S17,S18
CN.T.I-1;S5,S6,S7,S8,S9,S10,S11,S12,S14,S15,S16,S17,S18
DLP.L.1;S5,S6,S7,S8,S9,S10,S11,S12,S14,S15,S16,S17,S18
DLP.L.2;S5,S6,S7,S8,S9,S10,S11,S12,S14,S15,S16,S17,S18
DLP.L.3;S5,S6,S7,S8,S9,S10,S11,S12,S14,S15,S16,S17,S18
DLP.L.4;S5,S6,S7,S8,S9,S10,S11,S12,S14,S15,S16,S17,S18
DLP.L.5;S5,S6,S7,S8,S9,S10,S11,S12,S14,S15,S16,S17,S18
DLP.L.6;S5,S6,S7,S8,S9,S10,S11,S12,S14,S15,S16,S17,S18
DLP.L.7;S5,S6,S7,S8,S9,S10,S11,S12,S14,S15,S16,S17,S18
DLP.L.8;S5,S6,S7,S8,S9,S10,S11,S12,S14,S15,S16,S17,S18
DLP.L.9;S5,S6,S7,S8,S9,S10,S11,S12,S14,S15,S16,S17,S18
DLP.L.I-1;S5,S6,S7,S8,S9,S10,S11,S12,S14,S15,S16,S17,S18
DLP.L.I-2;S5,S6,S7,S8,S9,S10,S11,S12,S14,S15,S16,S17,S18
DLP.L.I-3;S5,S6,S7,S8,S9,S10,S11,S12,S14,S15,S16,S17,S18
DLP.L.I-4;S5,S6,S7,S8,S9,S10,S11,S12,S14,S15,S16,S17,S18
DLP.S.1;S4,S6,S8,S10,S12,S15,S17
DLP.S.2;S4,S6,S8,S10,S12,S15,S17
DLP.S.3;S4,S6,S8,S10,S12,S15,S17
DLP.S.4;S4,S6,S8,S10,S12,S15,S17
DLP.S.I-1;S4,S6,S8,S10,S12,S15,S16
DLP.S.I-2;S4,S6,S8,S10,S12,S15,S16
DLP.T.1;S5,S6,S7,S8,S9,S10,S11,S12,S14,S15,S16
DLP.T.2;S5,S6,S7,S8,S9,S10,S11,S12,S14,S15,S16
DLP.T.I-1;S5,S6,S7,S8,S9,S10,S11,S12,S14,S15,S16
DPPI.L.1;S5,S6,S7,S8,S9,S10,S11,S12,S14,S15,S16,S17,S18
DPPI.L.2;S5,S6,S7,S8,S9,S10,S11,S12,S14,S15,S16,S17,S18
DPPI.L.3;S5,S6,S7,S8,S9,S10,S11,S12,S14,S15,S16,S17,S18
DPPI.L.4;S5,S6,S7,S8,S9,S10,S11,S12,S14,S15,S16,S17,S18
DPPI.L.5;S5,S6,S7,S8,S9,S10,S11,S12,S14,S15,S16,S17,S18
DPPI.L.6;S5,S6,S7,S8,S9,S10,S11,S12,S14,S15,S16,S17,S18
DPPI.L.7;S5,S6,S7,S8,S9,S10,S11,S12,S14,S15,S16,S17,S18
DPPI.S.1;S5,S7,S9,S11,S14,S16,S17
DPPI.S.2;S5,S7,S9,S11,S14,S16,S17
DPPI.S.3;S5,S7,S9,S11,S14,S16,S17
DPPI.T.1;S5,S6,S7,S8,S9,S10,S11,S12,S14,S15,S16
DPPI.T.2;S5,S6,S7,S8,S9,S10,S11,S12,S14,S15,S16
Est.L.1;S5,S6,S7,S8,S9,S10,S11,S12,S14,S15,S16,S17,S18
Est.L.2;S5,S6,S7,S8,S9,S10,S11,S12,S14,S15,S16,S17,S18
Est.L.3;S5,S6,S7,S8,S9,S10,S11,S12,S14,S15,S16,S17,S18
Est.L.4;S5,S6,S7,S8,S9,S10,S11,S12,S14,S15,S16,S17,S18
Est.L.5;S5,S6,S7,S8,S9,S10,S11,S12,S14,S15,S16,S17,S18
Est.L.6;S5,S6,S7,S8,S9,S10,S11,S12,S14,S15,S16,S17,S18
Est.L.7;S5,S6,S7,S8,S9,S10,S11,S12,S14,S15,S16,S17,S18
Est.L.8;S5,S6,S7,S8,S9,S10,S11,S12,S14,S15,S16,S17,S18
Est.L.9;S5,S6,S7,S8,S9,S10,S11,S12,S14,S15,S16,S17,S18
Est.L.I-1;S5,S6,S7,S8,S9,S10,S11,S12,S14,S15,S16,S17,S18
Est.L.I-2;S5,S6,S7,S8,S9,S10,S11,S12,S14,S15,S16,S17,S18
Est.L.I-3;S5,S6,S7,S8,S9,S10,S11,S12,S14,S15,S16,S17,S18
Est.L.I-4;S5,S6,S7,S8,S9,S10,S11,S12,S14,S15,S16,S17,S18
Est.S.1;S5,S6,S7,S8,S9,S10,S11,S12,S14,S15,S16,S17,S18
Est.S.2;S5,S6,S7,S8,S9,S10,S11,S12,S14,S15,S16,S17,S18
Est.S.3;S5,S6,S7,S8,S9,S10,S11,S12,S14,S15,S16,S17,S18
Est.S.I-1;S5,S6,S7,S8,S9,S10,S11,S12,S14,S15,S16,S17,S18
Est.S.I-2;S5,S6,S7,S8,S9,S10,S11,S12,S14,S15,S16,S17,S18
Est.T.1;S4,S5,S6,S7,S8,S9,S10,S11,S12,S14,S15,S16,S17,S18
Est.T.2;S4,S5,S6,S7,S8,S9,S10,S11,S12,S14,S15,S16,S17,S18
Est.T.I-1;S4,S5,S6,S7,S8,S9,S10,S11,S12,S14,S15,S16,S17,S18
FCR.L.1;S4,S5,S6,S7,S8,S9,S10,S11,S12,S14,S15,S16,S17,S18
FCR.L.2;S4,S5,S6,S7,S8,S9,S10,S11,S12,S14,S15,S16,S17,S18
FCR.L.3;S5,S6,S7,S8,S9,S10,S11,S12,S14,S15,S16,S17,S18
FCR.L.4;S5,S6,S7,S8,S9,S10,S11,S12,S14,S15,S16,S17,S18
FCR.L.5;S5,S6,S7,S8,S9,S10,S11,S12,S14,S15,S16,S17,S18
FCR.L.6;S4,S5,S6,S7,S8,S9,S10,S11,S12,S14,S15,S16,S17,S18
FCR.L.7;S4,S5,S6,S7,S8,S9,S10,S11,S12,S14,S15,S16,S17,S18
FCR.L.8;S5,S6,S7,S8,S9,S10,S11,S12,S14,S15,S16,S17,S18
FCR.L.9;S5,S6,S7,S8,S9,S10,S11,S12,S14,S15,S16,S17,S18
FCR.L.I-1;S4,S5,S6,S7,S8,S9,S10,S11,S12,S14,S15,S16,S17,S18
FCR.L.I-2;S5,S6,S7,S8,S9,S10,S11,S12,S14,S15,S16,S17,S18
FCR.L.I-3;S4,S5,S6,S7,S8,S9,S10,S11,S12,S14,S15,S16,S17,S18
FCR.L.I-4;S5,S6,S7,S8,S9,S10,S11,S12,S14,S15,S16,S17,S18
FCR.S.1;S6,S8,S10,S12,S15,S17
FCR.S.2;S6,S8,S10,S12,S15,S17
FCR.S.3;S6,S8,S10,S12,S15,S17
FCR.S.4;S6,S8,S10,S12,S15,S17
FCR.S.I-1;S6,S8,S10,S12,S15,S17
FCR.S.I-2;S6,S8,S10,S12,S15,S17
FCR.T.1;S4,S5,S6,S7,S8,S9,S10,S11,S12,S14,S15
FCR.T.2;S4,S5,S6,S7,S8,S9,S10,S11,S12,S14,S15
FCR.T.I-1;S4,S5,S6,S7,S8,S9,S10,S11,S12,S14,S15
MP.L.1;S5,S6,S7,S8,S9,S10,S11,S12,S14,S15,S16,S17,S18
MP.L.2;S5,S6,S7,S8,S9,S10,S11,S12,S14,S15,S16,S17,S18
MP.L.3;S5,S6,S7,S8,S9,S10,S11,S12,S14,S15,S16,S17,S18
MP.L.4;S5,S6,S7,S8,S9,S10,S11,S12,S14,S15,S16,S17,S18
MP.L.5;S5,S6,S7,S8,S9,S10,S11,S12,S14,S15,S16,S17,S18
MP.L.6;S5,S6,S7,S8,S9,S10,S11,S12,S14,S15,S16,S17,S18
MP.L.7;S5,S6,S7,S8,S9,S10,S11,S12,S14,S15,S16,S17,S18
MP.L.8;S5,S6,S7,S8,S9,S10,S11,S12,S14,S15,S16,S17,S18
MP.L.9;S5,S6,S7,S8,S9,S10,S11,S12,S14,S15,S16,S17,S18
MP.L.10;S5,S6,S7,S8,S9,S10,S11,S12,S14,S15,S16,S17,S18
MP.L.I-1;S5,S6,S7,S8,S9,S10,S11,S12,S14,S15,S16,S17,S18
MP.L.I-2;S5,S6,S7,S8,S9,S10,S11,S12,S14,S15,S16,S17,S18
MP.L.I-3;S5,S6,S7,S8,S9,S10,S11,S12,S14,S15,S16,S17,S18
MP.L.I-4;S5,S6,S7,S8,S9,S10,S11,S12,S14,S15,S16,S17,S18
MP.L.I-5;S5,S6,S7,S8,S9,S10,S11,S12,S14,S15,S16,S17,S18
MP.S.1;S5,S7,S9,S11,S14,S16
MP.S.2;S5,S7,S9,S11,S14,S16
MP.S.3;S5,S7,S9,S11,S14,S16
MP.S.I-1;S5,S7,S9,S11,S14,S16
MP.S.I-2;S5,S7,S9,S11,S14,S16
MP.T.1;S4,S5,S6,S7,S8,S9,S10,S11,S12,S14,S15
MP.T.2;S4,S5,S6,S7,S8,S9,S10,S11,S12,S14,S15
MP.T.I-1;S4,S5,S6,S7,S8,S9,S10,S11,S12,S14,S15
OyE.L.1;S7,S9,S11,S14,S16
OyE.L.10;S8,S10,S12,S15,S17
OyE.L.2;S7,S9,S11,S14,S16
OyE.L.3;S8,S10,S12,S15,S17
OyE.L.4;S8,S10,S12,S15,S17
OyE.L.5;S7,S9,S11,S14,S16
OyE.L.6;S7,S9,S11,S14,S16
OyE.L.7;S8,S10,S12,S15,S17
OyE.L.8;S8,S10,S12,S15,S17
OyE.L.9;S7,S9,S11,S14,S16
OyE.L.I-1;S7,S9,S11,S14,S16
OyE.L.I-2;S8,S10,S12,S15,S17
OyE.L.I-3;S7,S9,S11,S14,S16
OyE.L.I-4;S8,S10,S12,S15,S17
OyE.L.I-5;S7,S9,S11,S14
OyE.S.1;S5,S6,S7,S8,S9,S10,S11,S12,S14,S15,S16,S17,S18
OyE.S.2;S5,S6,S7,S8,S9,S10,S11,S12,S14,S15,S16,S17,S18
OyE.S.3;S5,S6,S7,S8,S9,S10,S11,S12,S14,S15,S16,S17,S18
OyE.S.4;S5,S6,S7,S8,S9,S10,S11,S12,S14,S15,S16,S17,S18
OyE.S.I-1;S5,S6,S7,S8,S9,S10,S11,S12,S14,S15,S16,S17,S18
OyE.S.I-2;S5,S6,S7,S8,S9,S10,S11,S12,S14,S15,S16,S17,S18
OyE.T.1;S4,S5,S6,S7,S8,S9,S10,S11,S12,S14,S15,S16,S17,S18
OyE.T.2;S4,S5,S6,S7,S8,S9,S10,S11,S12,S14,S15,S16,S17,S18
OyE.T.I-1;S4,S5,S6,S7,S8,S9,S10,S11,S12,S14,S15,S16,S17,S18
SDI.L.1;S5,S6,S7,S8,S9,S10,S11,S12,S14,S15,S16,S17,S18
SDI.L.10;S5,S6,S7,S8,S9,S10,S11,S12,S14,S15,S16,S17,S18
SDI.L.2;S5,S6,S7,S8,S9,S10,S11,S12,S14,S15,S16,S17,S18
SDI.L.3;S5,S6,S7,S8,S9,S10,S11,S12,S14,S15,S16,S17,S18
SDI.L.4;S5,S6,S7,S8,S9,S10,S11,S12,S14,S15,S16,S17,S18
SDI.L.5;S5,S6,S7,S8,S9,S10,S11,S12,S14,S15,S16,S17,S18
SDI.L.6;S5,S6,S7,S8,S9,S10,S11,S12,S14,S15,S16,S17,S18
SDI.L.7;S5,S6,S7,S8,S9,S10,S11,S12,S14,S15,S16,S17,S18
SDI.L.8;S5,S6,S7,S8,S9,S10,S11,S12,S14,S15,S16,S17,S18
SDI.L.9;S5,S6,S7,S8,S9,S10,S11,S12,S14,S15,S16,S17,S18
SDI.S.1;S5,S7,S9,S11,S14,S16,S18
SDI.S.2;S5,S7,S9,S11,S14,S16,S18
SDI.S.3;S5,S7,S9,S11,S14,S16,S18
SDI.S.4;S5,S7,S9,S11,S14,S16,S18
SDI.T.1;S4,S5,S6,S7,S8,S9,S10,S11,S12,S14,S15
SDI.T.2;S4,S5,S6,S7,S8,S9,S10,S11,S12,S14,S15
SO.L.1;S5,S6,S7,S8,S9,S10,S11,S12,S14,S15,S16,S17,S18
SO.L.2;S5,S6,S7,S8,S9,S10,S11,S12,S14,S15,S16,S17,S18
SO.L.3;S5,S6,S7,S8,S9,S10,S11,S12,S14,S15,S16,S17,S18
SO.L.4;S5,S6,S7,S8,S9,S10,S11,S12,S14,S15,S16,S17,S18
SO.L.5;S5,S6,S7,S8,S9,S10,S11,S12,S14,S15,S16,S17,S18
SO.L.6;S5,S6,S7,S8,S9,S10,S11,S12,S14,S15,S16,S17,S18
SO.L.7;S5,S6,S7,S8,S9,S10,S11,S12,S14,S15,S16,S17,S18
SO.L.I-1;S5,S6,S7,S8,S9,S10,S11,S12,S14,S15,S16,S17,S18
SO.L.I-2;S5,S6,S7,S8,S9,S10,S11,S12,S14,S15,S16,S17,S18
SO.L.I-3;S5,S6,S7,S8,S9,S10,S11,S12,S14,S15,S16,S17,S18
SO.L.I-4;S5,S6,S7,S8,S9,S10,S11,S12,S14,S15,S16,S17,S18
SO.L.I-5;S5,S6,S7,S8,S9,S10,S11,S12,S14,S15,S16,S17,S18
SO.S.1;S4,S6,S8,S10,S12,S15,S17
SO.S.2;S4,S6,S8,S10,S12,S15,S17
SO.S.3;S4,S6,S8,S10,S12,S15,S17
SO.S.I-1;S4,S6,S8,S10,S12,S15,S17
SO.S.I-2;S4,S6,S8,S10,S12,S15,S17
SO.T.1;S5,S6,S7,S8,S9,S10,S11,S12,S14,S15,S16
SO.T.2;S5,S6,S7,S8,S9,S10,S11,S12,S14,S15,S16
SO.T.I-1;S5,S6,S7,S8,S9,S10,S11,S12,S14,S15,S16
SSI.L.1;S5,S6,S7,S8,S9,S10,S11,S12,S14,S15,S16,S17,S18
SSI.L.2;S5,S6,S7,S8,S9,S10,S11,S12,S14,S15,S16,S17,S18
SSI.L.3;S5,S6,S7,S8,S9,S10,S11,S12,S14,S15,S16,S17,S18
SSI.L.4;S5,S6,S7,S8,S9,S10,S11,S12,S14,S15,S16,S17,S18
SSI.L.5;S5,S6,S7,S8,S9,S10,S11,S12,S14,S15,S16,S17,S18
SSI.L.6;S5,S6,S7,S8,S9,S10,S11,S12,S14,S15,S16,S17,S18
SSI.L.I-1;S5,S6,S7,S8,S9,S10,S11,S12,S14,S15,S16,S17,S18
SSI.L.I-2;S5,S6,S7,S8,S9,S10,S11,S12,S14,S15,S16,S17,S18
SSI.L.I-3;S5,S6,S7,S8,S9,S10,S11,S12,S14,S15,S16,S17,S18
SSI.S.1;S5,S7,S9,S11,S14,S16,S18
SSI.S.2;S5,S7,S9,S11,S14,S16,S18
SSI.S.I-1;S5,S7,S9,S11,S14,S16,S18
SSI.S.I-2;S5,S7,S9,S11,S14,S16,S18
SSI.S.I-3;S5,S7,S9,S11,S14,S16,S18
SSI.T.1;S4,S5,S6,S7,S8,S9,S10,S11,S12,S14,S15
SSI.T.I-1;S4,S5,S6,S7,S8,S9,S10,S11,S12,S14,S15
TPP.L.1;S5,S6,S7,S8,S9,S10,S11,S12,S14,S15,S16,S17,S18
TPP.L.2;S5,S6,S7,S8,S9,S10,S11,S12,S14,S15,S16,S17,S18
TPP.L.3;S5,S6,S7,S8,S9,S10,S11,S12,S14,S15,S16,S17,S18
TPP.L.4;S5,S6,S7,S8,S9,S10,S11,S12,S14,S15,S16,S17,S18
TPP.L.5;S5,S6,S7,S8,S9,S10,S11,S12,S14,S15,S16,S17,S18
TPP.L.6;S5,S6,S7,S8,S9,S10,S11,S12,S14,S15,S16,S17,S18
TPP.L.7;S5,S6,S7,S8,S9,S10,S11,S12,S14,S15,S16,S17,S18
TPP.L.I-1;S5,S6,S7,S8,S9,S10,S11,S12,S14,S15,S16,S17,S18
TPP.L.I-2;S5,S6,S7,S8,S9,S10,S11,S12,S14,S15,S16,S17,S18
TPP.L.I-3;S5,S6,S7,S8,S9,S10,S11,S12,S14,S15,S16,S17,S18
TPP.L.I-4;S5,S6,S7,S8,S9,S10,S11,S12,S14,S15,S16,S17,S18
TPP.S.1;S5,S7,S9,S11,S14,S16,S18
TPP.S.2;S5,S7,S9,S11,S14,S16,S18
TPP.S.3;S5,S7,S9,S11,S14,S16,S18
TPP.S.I-1;S5,S7,S9,S11,S14,S16,S18
TPP.S.I-2;S5,S7,S9,S11,S14,S16,S18
TPP.T.1;S4,S5,S6,S7,S8,S9,S10,S11,S12,S14,S15
TPP.T.2;S4,S5,S6,S7,S8,S9,S10,S11,S12,S14,S15
TPP.T.I-1;S5,S6,S7,S8,S9,S10,S11,S12,S14,S15,S16
